{
  "discovery_time": "2025-07-27T07:50:36.723282",
  "total_wallets": 4,
  "deployers": 3,
  "snipers": 1,
  "high_confidence": 2,
  "average_performance": 31.643416666666667
}